{
  "comment": "US City to County mapping - Format: 'City, ST' -> 'County Name County, ST'",
  "mappings": {
    "Los Angeles, CA": "Los Angeles County, CA",
    "San Diego, CA": "San Diego County, CA",
    "San Jose, CA": "Santa Clara County, CA",
    "San Francisco, CA": "San Francisco County, CA",
    "Fresno, CA": "Fresno County, CA",
    "Sacramento, CA": "Sacramento County, CA",
    "Long Beach, CA": "Los Angeles County, CA",
    "Oakland, CA": "Alameda County, CA",
    "Bakersfield, CA": "Kern County, CA",
    "Anaheim, CA": "Orange County, CA",
    "Santa Ana, CA": "Orange County, CA",
    "Riverside, CA": "Riverside County, CA",
    "Stockton, CA": "San Joaquin County, CA",
    "Irvine, CA": "Orange County, CA",
    "Chula Vista, CA": "San Diego County, CA",
    "Fremont, CA": "Alameda County, CA",
    "San Bernardino, CA": "San Bernardino County, CA",
    "Modesto, CA": "Stanislaus County, CA",
    "Fontana, CA": "San Bernardino County, CA",
    "Santa Clarita, CA": "Los Angeles County, CA",

    "Phoenix, AZ": "Maricopa County, AZ",
    "Tucson, AZ": "Pima County, AZ",
    "Mesa, AZ": "Maricopa County, AZ",
    "Chandler, AZ": "Maricopa County, AZ",
    "Scottsdale, AZ": "Maricopa County, AZ",
    "Glendale, AZ": "Maricopa County, AZ",
    "Gilbert, AZ": "Maricopa County, AZ",
    "Tempe, AZ": "Maricopa County, AZ",

    "Houston, TX": "Harris County, TX",
    "San Antonio, TX": "Bexar County, TX",
    "Dallas, TX": "Dallas County, TX",
    "Austin, TX": "Travis County, TX",
    "Fort Worth, TX": "Tarrant County, TX",
    "El Paso, TX": "El Paso County, TX",
    "Arlington, TX": "Tarrant County, TX",
    "Corpus Christi, TX": "Nueces County, TX",
    "Plano, TX": "Collin County, TX",
    "Laredo, TX": "Webb County, TX",
    "Lubbock, TX": "Lubbock County, TX",
    "Irving, TX": "Dallas County, TX",
    "Garland, TX": "Dallas County, TX",

    "New York, NY": "New York County, NY",
    "Brooklyn, NY": "Kings County, NY",
    "Queens, NY": "Queens County, NY",
    "Manhattan, NY": "New York County, NY",
    "Bronx, NY": "Bronx County, NY",
    "Staten Island, NY": "Richmond County, NY",
    "Buffalo, NY": "Erie County, NY",
    "Rochester, NY": "Monroe County, NY",
    "Yonkers, NY": "Westchester County, NY",
    "Syracuse, NY": "Onondaga County, NY",
    "Albany, NY": "Albany County, NY",

    "Chicago, IL": "Cook County, IL",
    "Aurora, IL": "Kane County, IL",
    "Rockford, IL": "Winnebago County, IL",
    "Joliet, IL": "Will County, IL",
    "Naperville, IL": "DuPage County, IL",
    "Springfield, IL": "Sangamon County, IL",
    "Peoria, IL": "Peoria County, IL",

    "Philadelphia, PA": "Philadelphia County, PA",
    "Pittsburgh, PA": "Allegheny County, PA",
    "Allentown, PA": "Lehigh County, PA",
    "Erie, PA": "Erie County, PA",
    "Reading, PA": "Berks County, PA",

    "Columbus, OH": "Franklin County, OH",
    "Cleveland, OH": "Cuyahoga County, OH",
    "Cincinnati, OH": "Hamilton County, OH",
    "Toledo, OH": "Lucas County, OH",
    "Akron, OH": "Summit County, OH",
    "Dayton, OH": "Montgomery County, OH",

    "Indianapolis, IN": "Marion County, IN",
    "Fort Wayne, IN": "Allen County, IN",
    "Evansville, IN": "Vanderburgh County, IN",
    "South Bend, IN": "St. Joseph County, IN",

    "Jacksonville, FL": "Duval County, FL",
    "Miami, FL": "Miami-Dade County, FL",
    "Tampa, FL": "Hillsborough County, FL",
    "Orlando, FL": "Orange County, FL",
    "St. Petersburg, FL": "Pinellas County, FL",
    "Hialeah, FL": "Miami-Dade County, FL",
    "Tallahassee, FL": "Leon County, FL",
    "Fort Lauderdale, FL": "Broward County, FL",
    "Port St. Lucie, FL": "St. Lucie County, FL",
    "Cape Coral, FL": "Lee County, FL",

    "Charlotte, NC": "Mecklenburg County, NC",
    "Raleigh, NC": "Wake County, NC",
    "Greensboro, NC": "Guilford County, NC",
    "Durham, NC": "Durham County, NC",
    "Winston-Salem, NC": "Forsyth County, NC",
    "Fayetteville, NC": "Cumberland County, NC",

    "Seattle, WA": "King County, WA",
    "Spokane, WA": "Spokane County, WA",
    "Tacoma, WA": "Pierce County, WA",
    "Vancouver, WA": "Clark County, WA",
    "Bellevue, WA": "King County, WA",

    "Denver, CO": "Denver County, CO",
    "Colorado Springs, CO": "El Paso County, CO",
    "Aurora, CO": "Arapahoe County, CO",
    "Fort Collins, CO": "Larimer County, CO",

    "Washington, DC": "District of Columbia, DC",

    "Boston, MA": "Suffolk County, MA",
    "Worcester, MA": "Worcester County, MA",
    "Springfield, MA": "Hampden County, MA",
    "Cambridge, MA": "Middlesex County, MA",
    "Lowell, MA": "Middlesex County, MA",

    "Las Vegas, NV": "Clark County, NV",
    "Henderson, NV": "Clark County, NV",
    "Reno, NV": "Washoe County, NV",

    "Detroit, MI": "Wayne County, MI",
    "Grand Rapids, MI": "Kent County, MI",
    "Warren, MI": "Macomb County, MI",
    "Sterling Heights, MI": "Macomb County, MI",
    "Ann Arbor, MI": "Washtenaw County, MI",

    "Nashville, TN": "Davidson County, TN",
    "Memphis, TN": "Shelby County, TN",
    "Knoxville, TN": "Knox County, TN",
    "Chattanooga, TN": "Hamilton County, TN",

    "Portland, OR": "Multnomah County, OR",
    "Salem, OR": "Marion County, OR",
    "Eugene, OR": "Lane County, OR",

    "Oklahoma City, OK": "Oklahoma County, OK",
    "Tulsa, OK": "Tulsa County, OK",
    "Norman, OK": "Cleveland County, OK",

    "Atlanta, GA": "Fulton County, GA",
    "Augusta, GA": "Richmond County, GA",
    "Columbus, GA": "Muscogee County, GA",
    "Macon, GA": "Bibb County, GA",
    "Savannah, GA": "Chatham County, GA",

    "Milwaukee, WI": "Milwaukee County, WI",
    "Madison, WI": "Dane County, WI",
    "Green Bay, WI": "Brown County, WI",
    "Kenosha, WI": "Kenosha County, WI",
    "Racine, WI": "Racine County, WI",
    "Appleton, WI": "Outagamie County, WI",
    "Waukesha, WI": "Waukesha County, WI",
    "Oshkosh, WI": "Winnebago County, WI",
    "Eau Claire, WI": "Eau Claire County, WI",
    "Janesville, WI": "Rock County, WI",
    "West Allis, WI": "Milwaukee County, WI",
    "La Crosse, WI": "La Crosse County, WI",
    "Sheboygan, WI": "Sheboygan County, WI",
    "Wauwatosa, WI": "Milwaukee County, WI",
    "Fond du Lac, WI": "Fond du Lac County, WI",
    "New Berlin, WI": "Waukesha County, WI",
    "Wausau, WI": "Marathon County, WI",
    "Brookfield, WI": "Waukesha County, WI",
    "Greenfield, WI": "Milwaukee County, WI",
    "Beloit, WI": "Rock County, WI",
    "Watertown, WI": "Jefferson County, WI",
    "Superior, WI": "Douglas County, WI",
    "Stevens Point, WI": "Portage County, WI",
    "Manitowoc, WI": "Manitowoc County, WI",
    "Sun Prairie, WI": "Dane County, WI",
    "Neenah, WI": "Winnebago County, WI",
    "Mequon, WI": "Ozaukee County, WI",
    "South Milwaukee, WI": "Milwaukee County, WI",
    "Marshfield, WI": "Wood County, WI",
    "Wisconsin Rapids, WI": "Wood County, WI",

    "Baltimore, MD": "Baltimore city, MD",
    "Frederick, MD": "Frederick County, MD",
    "Rockville, MD": "Montgomery County, MD",
    "Gaithersburg, MD": "Montgomery County, MD",
    "Bowie, MD": "Prince George's County, MD",

    "Albuquerque, NM": "Bernalillo County, NM",
    "Las Cruces, NM": "Doña Ana County, NM",

    "Louisville, KY": "Jefferson County, KY",
    "Lexington, KY": "Fayette County, KY",

    "Minneapolis, MN": "Hennepin County, MN",
    "St. Paul, MN": "Ramsey County, MN",
    "Rochester, MN": "Olmsted County, MN",
    "Duluth, MN": "St. Louis County, MN",

    "Omaha, NE": "Douglas County, NE",
    "Lincoln, NE": "Lancaster County, NE",

    "Virginia Beach, VA": "Virginia Beach city, VA",
    "Norfolk, VA": "Norfolk city, VA",
    "Chesapeake, VA": "Chesapeake city, VA",
    "Richmond, VA": "Richmond city, VA",
    "Newport News, VA": "Newport News city, VA",
    "Arlington, VA": "Arlington County, VA",

    "Kansas City, MO": "Jackson County, MO",
    "St. Louis, MO": "St. Louis city, MO",
    "Springfield, MO": "Greene County, MO",
    "Independence, MO": "Jackson County, MO",

    "Birmingham, AL": "Jefferson County, AL",
    "Montgomery, AL": "Montgomery County, AL",
    "Mobile, AL": "Mobile County, AL",
    "Huntsville, AL": "Madison County, AL",

    "Little Rock, AR": "Pulaski County, AR",
    "Fort Smith, AR": "Sebastian County, AR",

    "Des Moines, IA": "Polk County, IA",
    "Cedar Rapids, IA": "Linn County, IA",
    "Davenport, IA": "Scott County, IA",
    "Sioux City, IA": "Woodbury County, IA",

    "Sioux Falls, SD": "Minnehaha County, SD",
    "Rapid City, SD": "Pennington County, SD",

    "Fargo, ND": "Cass County, ND",
    "Bismarck, ND": "Burleigh County, ND",

    "Jackson, MS": "Hinds County, MS",
    "Gulfport, MS": "Harrison County, MS",

    "Charleston, SC": "Charleston County, SC",
    "Columbia, SC": "Richland County, SC",

    "Providence, RI": "Providence County, RI",
    "Warwick, RI": "Kent County, RI",

    "Hartford, CT": "Hartford County, CT",
    "New Haven, CT": "New Haven County, CT",
    "Stamford, CT": "Fairfield County, CT",
    "Bridgeport, CT": "Fairfield County, CT",

    "Portland, ME": "Cumberland County, ME",
    "Lewiston, ME": "Androscoggin County, ME",

    "Concord, NH": "Merrimack County, NH",
    "Manchester, NH": "Hillsborough County, NH",

    "Burlington, VT": "Chittenden County, VT",
    "South Burlington, VT": "Chittenden County, VT",

    "Honolulu, HI": "Honolulu County, HI",

    "Anchorage, AK": "Anchorage Municipality, AK",
    "Fairbanks, AK": "Fairbanks North Star Borough, AK",

    "Boise, ID": "Ada County, ID",
    "Nampa, ID": "Canyon County, ID",

    "Salt Lake City, UT": "Salt Lake County, UT",
    "West Valley City, UT": "Salt Lake County, UT",
    "Provo, UT": "Utah County, UT",
    "West Jordan, UT": "Salt Lake County, UT",

    "Cheyenne, WY": "Laramie County, WY",
    "Casper, WY": "Natrona County, WY",

    "Billings, MT": "Yellowstone County, MT",
    "Missoula, MT": "Missoula County, MT"
  }
}
